"vllm:cache_config_info{block_size=""32"",cache_dtype=""fp8"",calculate_kv_scales=""False"",cpu_offload_gb=""0"",enable_prefix_caching=""None"",gpu_memory_utilization=""0.91"",is_attention_free=""False"",num_cpu_blocks=""2048"",num_gpu_blocks=""12158"",num_gpu_blocks_override=""None"",prefix_caching_hash_algo=""builtin"",sliding_window=""None"",swap_space=""4"",swap_space_bytes=""4294967296""}","vllm:num_requests_running{model_name=""meta-llama/Llama-3.1-8B""}","vllm:num_requests_waiting{model_name=""meta-llama/Llama-3.1-8B""}","vllm:gpu_cache_usage_perc{model_name=""meta-llama/Llama-3.1-8B""}","vllm:lora_requests_info{max_lora=""0"",running_lora_adapters="""",waiting_lora_adapters=""""}","vllm:num_preemptions_total{model_name=""meta-llama/Llama-3.1-8B""}","vllm:prompt_tokens_total{model_name=""meta-llama/Llama-3.1-8B""}","vllm:generation_tokens_total{model_name=""meta-llama/Llama-3.1-8B""}","vllm:iteration_tokens_total_sum{model_name=""meta-llama/Llama-3.1-8B""}","vllm:iteration_tokens_total_bucket{le=""1.0"",model_name=""meta-llama/Llama-3.1-8B""}","vllm:iteration_tokens_total_bucket{le=""8.0"",model_name=""meta-llama/Llama-3.1-8B""}","vllm:iteration_tokens_total_bucket{le=""16.0"",model_name=""meta-llama/Llama-3.1-8B""}","vllm:iteration_tokens_total_bucket{le=""32.0"",model_name=""meta-llama/Llama-3.1-8B""}","vllm:iteration_tokens_total_bucket{le=""64.0"",model_name=""meta-llama/Llama-3.1-8B""}","vllm:iteration_tokens_total_bucket{le=""128.0"",model_name=""meta-llama/Llama-3.1-8B""}","vllm:iteration_tokens_total_bucket{le=""256.0"",model_name=""meta-llama/Llama-3.1-8B""}","vllm:iteration_tokens_total_bucket{le=""512.0"",model_name=""meta-llama/Llama-3.1-8B""}","vllm:iteration_tokens_total_bucket{le=""1024.0"",model_name=""meta-llama/Llama-3.1-8B""}","vllm:iteration_tokens_total_bucket{le=""2048.0"",model_name=""meta-llama/Llama-3.1-8B""}","vllm:iteration_tokens_total_bucket{le=""4096.0"",model_name=""meta-llama/Llama-3.1-8B""}","vllm:iteration_tokens_total_bucket{le=""8192.0"",model_name=""meta-llama/Llama-3.1-8B""}","vllm:iteration_tokens_total_bucket{le=""16384.0"",model_name=""meta-llama/Llama-3.1-8B""}","vllm:iteration_tokens_total_bucket{le=""+Inf"",model_name=""meta-llama/Llama-3.1-8B""}","vllm:iteration_tokens_total_count{model_name=""meta-llama/Llama-3.1-8B""}",timestamp
1.0,0.0,0.0,0.0,1.7531567682502077e+09,0.0,0.0,0.0,0.0,2.0,2.0,2.0,2.0,2.0,2.0,2.0,2.0,2.0,2.0,2.0,2.0,2.0,2.0,2.0,2025-07-22T03:59:33.242471
1.0,0.0,0.0,0.0,1.7531567682502077e+09,0.0,0.0,0.0,0.0,2.0,2.0,2.0,2.0,2.0,2.0,2.0,2.0,2.0,2.0,2.0,2.0,2.0,2.0,2.0,2025-07-22T03:59:34.306553
1.0,0.0,0.0,0.0,1.7531567682502077e+09,0.0,0.0,0.0,0.0,2.0,2.0,2.0,2.0,2.0,2.0,2.0,2.0,2.0,2.0,2.0,2.0,2.0,2.0,2.0,2025-07-22T03:59:35.399635
1.0,0.0,0.0,0.0,1.7531567682502077e+09,0.0,0.0,0.0,0.0,2.0,2.0,2.0,2.0,2.0,2.0,2.0,2.0,2.0,2.0,2.0,2.0,2.0,2.0,2.0,2025-07-22T03:59:36.466905
1.0,0.0,0.0,0.0,1.7531567682502077e+09,0.0,0.0,0.0,0.0,2.0,2.0,2.0,2.0,2.0,2.0,2.0,2.0,2.0,2.0,2.0,2.0,2.0,2.0,2.0,2025-07-22T03:59:37.540770
1.0,0.0,0.0,0.0,1.7531567782607496e+09,0.0,0.0,0.0,0.0,3.0,3.0,3.0,3.0,3.0,3.0,3.0,3.0,3.0,3.0,3.0,3.0,3.0,3.0,3.0,2025-07-22T03:59:38.606316
1.0,0.0,0.0,0.0,1.7531567782607496e+09,0.0,0.0,0.0,0.0,3.0,3.0,3.0,3.0,3.0,3.0,3.0,3.0,3.0,3.0,3.0,3.0,3.0,3.0,3.0,2025-07-22T03:59:39.677896
1.0,0.0,0.0,0.0,1.7531567782607496e+09,0.0,0.0,0.0,0.0,3.0,3.0,3.0,3.0,3.0,3.0,3.0,3.0,3.0,3.0,3.0,3.0,3.0,3.0,3.0,2025-07-22T03:59:40.754075
1.0,0.0,0.0,0.0,1.7531567782607496e+09,0.0,0.0,0.0,0.0,3.0,3.0,3.0,3.0,3.0,3.0,3.0,3.0,3.0,3.0,3.0,3.0,3.0,3.0,3.0,2025-07-22T03:59:41.816903
1.0,0.0,0.0,0.0,1.7531567782607496e+09,0.0,0.0,0.0,0.0,3.0,3.0,3.0,3.0,3.0,3.0,3.0,3.0,3.0,3.0,3.0,3.0,3.0,3.0,3.0,2025-07-22T03:59:42.874778
1.0,0.0,0.0,0.0,1.7531567782607496e+09,0.0,0.0,0.0,0.0,3.0,3.0,3.0,3.0,3.0,3.0,3.0,3.0,3.0,3.0,3.0,3.0,3.0,3.0,3.0,2025-07-22T03:59:43.945285
1.0,0.0,0.0,0.0,1.7531567782607496e+09,0.0,0.0,0.0,0.0,3.0,3.0,3.0,3.0,3.0,3.0,3.0,3.0,3.0,3.0,3.0,3.0,3.0,3.0,3.0,2025-07-22T03:59:45.018229
1.0,0.0,0.0,0.0,1.7531567782607496e+09,0.0,0.0,0.0,0.0,3.0,3.0,3.0,3.0,3.0,3.0,3.0,3.0,3.0,3.0,3.0,3.0,3.0,3.0,3.0,2025-07-22T03:59:46.090157
1.0,0.0,0.0,0.0,1.7531567782607496e+09,0.0,0.0,0.0,0.0,3.0,3.0,3.0,3.0,3.0,3.0,3.0,3.0,3.0,3.0,3.0,3.0,3.0,3.0,3.0,2025-07-22T03:59:47.156602
1.0,0.0,0.0,0.0,1.7531567782607496e+09,0.0,0.0,0.0,0.0,3.0,3.0,3.0,3.0,3.0,3.0,3.0,3.0,3.0,3.0,3.0,3.0,3.0,3.0,3.0,2025-07-22T03:59:48.265058
1.0,0.0,0.0,0.0,1.7531567882711806e+09,0.0,0.0,0.0,0.0,4.0,4.0,4.0,4.0,4.0,4.0,4.0,4.0,4.0,4.0,4.0,4.0,4.0,4.0,4.0,2025-07-22T03:59:49.332004
1.0,0.0,0.0,0.0,1.7531567882711806e+09,0.0,0.0,0.0,0.0,4.0,4.0,4.0,4.0,4.0,4.0,4.0,4.0,4.0,4.0,4.0,4.0,4.0,4.0,4.0,2025-07-22T03:59:50.396811
1.0,0.0,0.0,0.0,1.7531567882711806e+09,0.0,0.0,0.0,0.0,4.0,4.0,4.0,4.0,4.0,4.0,4.0,4.0,4.0,4.0,4.0,4.0,4.0,4.0,4.0,2025-07-22T03:59:51.454216
1.0,0.0,0.0,0.0,1.7531567882711806e+09,0.0,0.0,0.0,0.0,4.0,4.0,4.0,4.0,4.0,4.0,4.0,4.0,4.0,4.0,4.0,4.0,4.0,4.0,4.0,2025-07-22T03:59:52.523859
1.0,0.0,0.0,0.0,1.7531567882711806e+09,0.0,0.0,0.0,0.0,4.0,4.0,4.0,4.0,4.0,4.0,4.0,4.0,4.0,4.0,4.0,4.0,4.0,4.0,4.0,2025-07-22T03:59:53.588612
1.0,0.0,0.0,0.0,1.7531567882711806e+09,0.0,0.0,0.0,0.0,4.0,4.0,4.0,4.0,4.0,4.0,4.0,4.0,4.0,4.0,4.0,4.0,4.0,4.0,4.0,2025-07-22T03:59:54.649500
1.0,0.0,0.0,0.0,1.7531567882711806e+09,0.0,0.0,0.0,0.0,4.0,4.0,4.0,4.0,4.0,4.0,4.0,4.0,4.0,4.0,4.0,4.0,4.0,4.0,4.0,2025-07-22T03:59:55.722802
1.0,0.0,0.0,0.0,1.7531567882711806e+09,0.0,0.0,0.0,0.0,4.0,4.0,4.0,4.0,4.0,4.0,4.0,4.0,4.0,4.0,4.0,4.0,4.0,4.0,4.0,2025-07-22T03:59:56.787069
1.0,0.0,0.0,0.0,1.7531567882711806e+09,0.0,0.0,0.0,0.0,4.0,4.0,4.0,4.0,4.0,4.0,4.0,4.0,4.0,4.0,4.0,4.0,4.0,4.0,4.0,2025-07-22T03:59:57.863835
1.0,0.0,0.0,0.0,1.7531567982816193e+09,0.0,0.0,0.0,0.0,5.0,5.0,5.0,5.0,5.0,5.0,5.0,5.0,5.0,5.0,5.0,5.0,5.0,5.0,5.0,2025-07-22T03:59:58.923650
1.0,0.0,0.0,0.0,1.7531567982816193e+09,0.0,0.0,0.0,0.0,5.0,5.0,5.0,5.0,5.0,5.0,5.0,5.0,5.0,5.0,5.0,5.0,5.0,5.0,5.0,2025-07-22T03:59:59.981608
1.0,0.0,0.0,0.0,1.7531567982816193e+09,0.0,0.0,0.0,0.0,5.0,5.0,5.0,5.0,5.0,5.0,5.0,5.0,5.0,5.0,5.0,5.0,5.0,5.0,5.0,2025-07-22T04:00:01.061660
1.0,0.0,0.0,0.0,1.7531567982816193e+09,0.0,0.0,0.0,0.0,5.0,5.0,5.0,5.0,5.0,5.0,5.0,5.0,5.0,5.0,5.0,5.0,5.0,5.0,5.0,2025-07-22T04:00:02.122466
1.0,0.0,0.0,0.0,1.7531567982816193e+09,0.0,0.0,0.0,0.0,5.0,5.0,5.0,5.0,5.0,5.0,5.0,5.0,5.0,5.0,5.0,5.0,5.0,5.0,5.0,2025-07-22T04:00:03.191996
1.0,0.0,0.0,0.0,1.7531567982816193e+09,0.0,0.0,0.0,0.0,5.0,5.0,5.0,5.0,5.0,5.0,5.0,5.0,5.0,5.0,5.0,5.0,5.0,5.0,5.0,2025-07-22T04:00:04.267342
1.0,0.0,0.0,0.0,1.7531567982816193e+09,0.0,0.0,0.0,0.0,5.0,5.0,5.0,5.0,5.0,5.0,5.0,5.0,5.0,5.0,5.0,5.0,5.0,5.0,5.0,2025-07-22T04:00:05.329382
1.0,0.0,0.0,0.0,1.7531567982816193e+09,0.0,0.0,0.0,0.0,5.0,5.0,5.0,5.0,5.0,5.0,5.0,5.0,5.0,5.0,5.0,5.0,5.0,5.0,5.0,2025-07-22T04:00:06.393995
1.0,0.0,0.0,0.0,1.7531567982816193e+09,0.0,0.0,0.0,0.0,5.0,5.0,5.0,5.0,5.0,5.0,5.0,5.0,5.0,5.0,5.0,5.0,5.0,5.0,5.0,2025-07-22T04:00:07.459127
1.0,0.0,0.0,0.0,1.7531568082922077e+09,0.0,0.0,0.0,0.0,6.0,6.0,6.0,6.0,6.0,6.0,6.0,6.0,6.0,6.0,6.0,6.0,6.0,6.0,6.0,2025-07-22T04:00:08.518164
1.0,0.0,0.0,0.0,1.7531568082922077e+09,0.0,0.0,0.0,0.0,6.0,6.0,6.0,6.0,6.0,6.0,6.0,6.0,6.0,6.0,6.0,6.0,6.0,6.0,6.0,2025-07-22T04:00:09.584332
1.0,0.0,0.0,0.0,1.7531568082922077e+09,0.0,0.0,0.0,0.0,6.0,6.0,6.0,6.0,6.0,6.0,6.0,6.0,6.0,6.0,6.0,6.0,6.0,6.0,6.0,2025-07-22T04:00:10.676152
1.0,0.0,0.0,0.0,1.7531568082922077e+09,0.0,0.0,0.0,0.0,6.0,6.0,6.0,6.0,6.0,6.0,6.0,6.0,6.0,6.0,6.0,6.0,6.0,6.0,6.0,2025-07-22T04:00:11.748109
1.0,0.0,0.0,0.0,1.7531568082922077e+09,0.0,0.0,0.0,0.0,6.0,6.0,6.0,6.0,6.0,6.0,6.0,6.0,6.0,6.0,6.0,6.0,6.0,6.0,6.0,2025-07-22T04:00:12.808103
1.0,0.0,0.0,0.0,1.7531568082922077e+09,0.0,0.0,0.0,0.0,6.0,6.0,6.0,6.0,6.0,6.0,6.0,6.0,6.0,6.0,6.0,6.0,6.0,6.0,6.0,2025-07-22T04:00:13.867149
1.0,0.0,0.0,0.0,1.7531568082922077e+09,0.0,0.0,0.0,0.0,6.0,6.0,6.0,6.0,6.0,6.0,6.0,6.0,6.0,6.0,6.0,6.0,6.0,6.0,6.0,2025-07-22T04:00:14.924446
1.0,0.0,0.0,0.0,1.7531568082922077e+09,0.0,0.0,0.0,0.0,6.0,6.0,6.0,6.0,6.0,6.0,6.0,6.0,6.0,6.0,6.0,6.0,6.0,6.0,6.0,2025-07-22T04:00:15.984773
1.0,0.0,0.0,0.0,1.7531568082922077e+09,0.0,0.0,0.0,0.0,6.0,6.0,6.0,6.0,6.0,6.0,6.0,6.0,6.0,6.0,6.0,6.0,6.0,6.0,6.0,2025-07-22T04:00:17.065510
1.0,0.0,0.0,0.0,1.7531568082922077e+09,0.0,0.0,0.0,0.0,6.0,6.0,6.0,6.0,6.0,6.0,6.0,6.0,6.0,6.0,6.0,6.0,6.0,6.0,6.0,2025-07-22T04:00:18.126593
1.0,0.0,0.0,0.0,1.7531568183026369e+09,0.0,0.0,0.0,0.0,7.0,7.0,7.0,7.0,7.0,7.0,7.0,7.0,7.0,7.0,7.0,7.0,7.0,7.0,7.0,2025-07-22T04:00:19.193978
1.0,0.0,0.0,0.0,1.7531568183026369e+09,0.0,0.0,0.0,0.0,7.0,7.0,7.0,7.0,7.0,7.0,7.0,7.0,7.0,7.0,7.0,7.0,7.0,7.0,7.0,2025-07-22T04:00:20.259585
1.0,0.0,0.0,0.0,1.7531568183026369e+09,0.0,0.0,0.0,0.0,7.0,7.0,7.0,7.0,7.0,7.0,7.0,7.0,7.0,7.0,7.0,7.0,7.0,7.0,7.0,2025-07-22T04:00:21.327032
1.0,0.0,0.0,0.0,1.7531568183026369e+09,0.0,0.0,0.0,0.0,7.0,7.0,7.0,7.0,7.0,7.0,7.0,7.0,7.0,7.0,7.0,7.0,7.0,7.0,7.0,2025-07-22T04:00:22.393083
1.0,0.0,0.0,0.0,1.7531568183026369e+09,0.0,0.0,0.0,0.0,7.0,7.0,7.0,7.0,7.0,7.0,7.0,7.0,7.0,7.0,7.0,7.0,7.0,7.0,7.0,2025-07-22T04:00:23.467444
1.0,0.0,0.0,0.0,1.7531568183026369e+09,0.0,0.0,0.0,0.0,7.0,7.0,7.0,7.0,7.0,7.0,7.0,7.0,7.0,7.0,7.0,7.0,7.0,7.0,7.0,2025-07-22T04:00:24.527350
1.0,0.0,0.0,0.0,1.7531568183026369e+09,0.0,0.0,0.0,0.0,7.0,7.0,7.0,7.0,7.0,7.0,7.0,7.0,7.0,7.0,7.0,7.0,7.0,7.0,7.0,2025-07-22T04:00:25.602691
1.0,0.0,0.0,0.0,1.7531568183026369e+09,0.0,0.0,0.0,0.0,7.0,7.0,7.0,7.0,7.0,7.0,7.0,7.0,7.0,7.0,7.0,7.0,7.0,7.0,7.0,2025-07-22T04:00:26.663785
1.0,0.0,0.0,0.0,1.7531568183026369e+09,0.0,0.0,0.0,0.0,7.0,7.0,7.0,7.0,7.0,7.0,7.0,7.0,7.0,7.0,7.0,7.0,7.0,7.0,7.0,2025-07-22T04:00:27.725825
1.0,0.0,0.0,0.0,1.7531568283130727e+09,0.0,0.0,0.0,0.0,8.0,8.0,8.0,8.0,8.0,8.0,8.0,8.0,8.0,8.0,8.0,8.0,8.0,8.0,8.0,2025-07-22T04:00:28.796703
1.0,0.0,0.0,0.0,1.7531568283130727e+09,0.0,0.0,0.0,0.0,8.0,8.0,8.0,8.0,8.0,8.0,8.0,8.0,8.0,8.0,8.0,8.0,8.0,8.0,8.0,2025-07-22T04:00:29.863849
1.0,0.0,0.0,0.0,1.7531568283130727e+09,0.0,0.0,0.0,0.0,8.0,8.0,8.0,8.0,8.0,8.0,8.0,8.0,8.0,8.0,8.0,8.0,8.0,8.0,8.0,2025-07-22T04:00:30.934686
1.0,0.0,0.0,0.0,1.7531568283130727e+09,0.0,0.0,0.0,0.0,8.0,8.0,8.0,8.0,8.0,8.0,8.0,8.0,8.0,8.0,8.0,8.0,8.0,8.0,8.0,2025-07-22T04:00:31.994713
1.0,0.0,0.0,0.0,1.7531568283130727e+09,0.0,0.0,0.0,0.0,8.0,8.0,8.0,8.0,8.0,8.0,8.0,8.0,8.0,8.0,8.0,8.0,8.0,8.0,8.0,2025-07-22T04:00:33.061181
1.0,0.0,0.0,0.0,1.7531568283130727e+09,0.0,0.0,0.0,0.0,8.0,8.0,8.0,8.0,8.0,8.0,8.0,8.0,8.0,8.0,8.0,8.0,8.0,8.0,8.0,2025-07-22T04:00:34.132807
1.0,0.0,0.0,0.0,1.7531568283130727e+09,0.0,0.0,0.0,0.0,8.0,8.0,8.0,8.0,8.0,8.0,8.0,8.0,8.0,8.0,8.0,8.0,8.0,8.0,8.0,2025-07-22T04:00:35.208263
1.0,0.0,0.0,0.0,1.7531568283130727e+09,0.0,0.0,0.0,0.0,8.0,8.0,8.0,8.0,8.0,8.0,8.0,8.0,8.0,8.0,8.0,8.0,8.0,8.0,8.0,2025-07-22T04:00:36.289368
1.0,0.0,0.0,0.0,1.7531568283130727e+09,0.0,0.0,0.0,0.0,8.0,8.0,8.0,8.0,8.0,8.0,8.0,8.0,8.0,8.0,8.0,8.0,8.0,8.0,8.0,2025-07-22T04:00:37.356350
1.0,0.0,0.0,0.0,1.7531568383234835e+09,0.0,0.0,0.0,0.0,9.0,9.0,9.0,9.0,9.0,9.0,9.0,9.0,9.0,9.0,9.0,9.0,9.0,9.0,9.0,2025-07-22T04:00:38.422060
1.0,0.0,0.0,0.0,1.7531568383234835e+09,0.0,0.0,0.0,0.0,9.0,9.0,9.0,9.0,9.0,9.0,9.0,9.0,9.0,9.0,9.0,9.0,9.0,9.0,9.0,2025-07-22T04:00:39.492407
1.0,0.0,0.0,0.0,1.7531568383234835e+09,0.0,0.0,0.0,0.0,9.0,9.0,9.0,9.0,9.0,9.0,9.0,9.0,9.0,9.0,9.0,9.0,9.0,9.0,9.0,2025-07-22T04:00:40.565206
1.0,0.0,0.0,0.0,1.7531568383234835e+09,0.0,0.0,0.0,0.0,9.0,9.0,9.0,9.0,9.0,9.0,9.0,9.0,9.0,9.0,9.0,9.0,9.0,9.0,9.0,2025-07-22T04:00:41.643036
1.0,0.0,0.0,0.0,1.7531568383234835e+09,0.0,0.0,0.0,0.0,9.0,9.0,9.0,9.0,9.0,9.0,9.0,9.0,9.0,9.0,9.0,9.0,9.0,9.0,9.0,2025-07-22T04:00:42.701250
1.0,0.0,0.0,0.0,1.7531568383234835e+09,0.0,0.0,0.0,0.0,9.0,9.0,9.0,9.0,9.0,9.0,9.0,9.0,9.0,9.0,9.0,9.0,9.0,9.0,9.0,2025-07-22T04:00:43.766951
1.0,0.0,0.0,0.0,1.7531568383234835e+09,0.0,0.0,0.0,0.0,9.0,9.0,9.0,9.0,9.0,9.0,9.0,9.0,9.0,9.0,9.0,9.0,9.0,9.0,9.0,2025-07-22T04:00:44.835259
1.0,0.0,0.0,0.0,1.7531568383234835e+09,0.0,0.0,0.0,0.0,9.0,9.0,9.0,9.0,9.0,9.0,9.0,9.0,9.0,9.0,9.0,9.0,9.0,9.0,9.0,2025-07-22T04:00:45.911963
1.0,0.0,0.0,0.0,1.7531568383234835e+09,0.0,0.0,0.0,0.0,9.0,9.0,9.0,9.0,9.0,9.0,9.0,9.0,9.0,9.0,9.0,9.0,9.0,9.0,9.0,2025-07-22T04:00:46.976091
1.0,0.0,0.0,0.0,1.7531568383234835e+09,0.0,0.0,0.0,0.0,9.0,9.0,9.0,9.0,9.0,9.0,9.0,9.0,9.0,9.0,9.0,9.0,9.0,9.0,9.0,2025-07-22T04:00:48.062163
1.0,0.0,0.0,0.0,1.7531568483339121e+09,0.0,0.0,0.0,0.0,10.0,10.0,10.0,10.0,10.0,10.0,10.0,10.0,10.0,10.0,10.0,10.0,10.0,10.0,10.0,2025-07-22T04:00:49.119278
1.0,0.0,0.0,0.0,1.7531568483339121e+09,0.0,0.0,0.0,0.0,10.0,10.0,10.0,10.0,10.0,10.0,10.0,10.0,10.0,10.0,10.0,10.0,10.0,10.0,10.0,2025-07-22T04:00:50.193726
1.0,0.0,0.0,0.0,1.7531568483339121e+09,0.0,0.0,0.0,0.0,10.0,10.0,10.0,10.0,10.0,10.0,10.0,10.0,10.0,10.0,10.0,10.0,10.0,10.0,10.0,2025-07-22T04:00:51.280008
1.0,0.0,0.0,0.0,1.7531568483339121e+09,0.0,0.0,0.0,0.0,10.0,10.0,10.0,10.0,10.0,10.0,10.0,10.0,10.0,10.0,10.0,10.0,10.0,10.0,10.0,2025-07-22T04:00:52.339495
1.0,0.0,0.0,0.0,1.7531568483339121e+09,0.0,0.0,0.0,0.0,10.0,10.0,10.0,10.0,10.0,10.0,10.0,10.0,10.0,10.0,10.0,10.0,10.0,10.0,10.0,2025-07-22T04:00:53.408188
1.0,0.0,0.0,0.0,1.7531568483339121e+09,0.0,0.0,0.0,0.0,10.0,10.0,10.0,10.0,10.0,10.0,10.0,10.0,10.0,10.0,10.0,10.0,10.0,10.0,10.0,2025-07-22T04:00:54.465031
1.0,0.0,0.0,0.0,1.7531568483339121e+09,0.0,0.0,0.0,0.0,10.0,10.0,10.0,10.0,10.0,10.0,10.0,10.0,10.0,10.0,10.0,10.0,10.0,10.0,10.0,2025-07-22T04:00:55.521521
1.0,0.0,0.0,0.0,1.7531568483339121e+09,0.0,0.0,0.0,0.0,10.0,10.0,10.0,10.0,10.0,10.0,10.0,10.0,10.0,10.0,10.0,10.0,10.0,10.0,10.0,2025-07-22T04:00:56.581128
1.0,0.0,0.0,0.0,1.7531568483339121e+09,0.0,0.0,0.0,0.0,10.0,10.0,10.0,10.0,10.0,10.0,10.0,10.0,10.0,10.0,10.0,10.0,10.0,10.0,10.0,2025-07-22T04:00:57.654597
1.0,0.0,0.0,0.0,1.7531568583443031e+09,0.0,0.0,0.0,0.0,11.0,11.0,11.0,11.0,11.0,11.0,11.0,11.0,11.0,11.0,11.0,11.0,11.0,11.0,11.0,2025-07-22T04:00:58.737205
1.0,0.0,0.0,0.0,1.7531568583443031e+09,0.0,0.0,0.0,0.0,11.0,11.0,11.0,11.0,11.0,11.0,11.0,11.0,11.0,11.0,11.0,11.0,11.0,11.0,11.0,2025-07-22T04:00:59.801826
1.0,0.0,0.0,0.0,1.7531568583443031e+09,0.0,0.0,0.0,0.0,11.0,11.0,11.0,11.0,11.0,11.0,11.0,11.0,11.0,11.0,11.0,11.0,11.0,11.0,11.0,2025-07-22T04:01:00.876132
1.0,0.0,0.0,0.0,1.7531568583443031e+09,0.0,0.0,0.0,0.0,11.0,11.0,11.0,11.0,11.0,11.0,11.0,11.0,11.0,11.0,11.0,11.0,11.0,11.0,11.0,2025-07-22T04:01:01.947403
1.0,0.0,0.0,0.0,1.7531568583443031e+09,0.0,0.0,0.0,0.0,11.0,11.0,11.0,11.0,11.0,11.0,11.0,11.0,11.0,11.0,11.0,11.0,11.0,11.0,11.0,2025-07-22T04:01:03.010584
1.0,0.0,0.0,0.0,1.7531568583443031e+09,0.0,0.0,0.0,0.0,11.0,11.0,11.0,11.0,11.0,11.0,11.0,11.0,11.0,11.0,11.0,11.0,11.0,11.0,11.0,2025-07-22T04:01:04.078089
1.0,0.0,0.0,0.0,1.7531568583443031e+09,0.0,0.0,0.0,0.0,11.0,11.0,11.0,11.0,11.0,11.0,11.0,11.0,11.0,11.0,11.0,11.0,11.0,11.0,11.0,2025-07-22T04:01:05.160769
1.0,0.0,0.0,0.0,1.7531568583443031e+09,0.0,0.0,0.0,0.0,11.0,11.0,11.0,11.0,11.0,11.0,11.0,11.0,11.0,11.0,11.0,11.0,11.0,11.0,11.0,2025-07-22T04:01:06.235400
1.0,0.0,0.0,0.0,1.7531568583443031e+09,0.0,0.0,0.0,0.0,11.0,11.0,11.0,11.0,11.0,11.0,11.0,11.0,11.0,11.0,11.0,11.0,11.0,11.0,11.0,2025-07-22T04:01:07.307734
1.0,0.0,0.0,0.0,1.7531568683548443e+09,0.0,0.0,0.0,0.0,12.0,12.0,12.0,12.0,12.0,12.0,12.0,12.0,12.0,12.0,12.0,12.0,12.0,12.0,12.0,2025-07-22T04:01:08.375474
1.0,0.0,0.0,0.0,1.7531568683548443e+09,0.0,0.0,0.0,0.0,12.0,12.0,12.0,12.0,12.0,12.0,12.0,12.0,12.0,12.0,12.0,12.0,12.0,12.0,12.0,2025-07-22T04:01:09.448960
1.0,0.0,0.0,0.0,1.7531568683548443e+09,0.0,0.0,0.0,0.0,12.0,12.0,12.0,12.0,12.0,12.0,12.0,12.0,12.0,12.0,12.0,12.0,12.0,12.0,12.0,2025-07-22T04:01:10.523731
1.0,0.0,0.0,0.0,1.7531568683548443e+09,0.0,0.0,0.0,0.0,12.0,12.0,12.0,12.0,12.0,12.0,12.0,12.0,12.0,12.0,12.0,12.0,12.0,12.0,12.0,2025-07-22T04:01:11.587423
1.0,0.0,0.0,0.0,1.7531568683548443e+09,0.0,0.0,0.0,0.0,12.0,12.0,12.0,12.0,12.0,12.0,12.0,12.0,12.0,12.0,12.0,12.0,12.0,12.0,12.0,2025-07-22T04:01:12.661195
1.0,0.0,0.0,0.0,1.7531568683548443e+09,0.0,0.0,0.0,0.0,12.0,12.0,12.0,12.0,12.0,12.0,12.0,12.0,12.0,12.0,12.0,12.0,12.0,12.0,12.0,2025-07-22T04:01:13.740024
1.0,0.0,0.0,0.0,1.7531568683548443e+09,0.0,0.0,0.0,0.0,12.0,12.0,12.0,12.0,12.0,12.0,12.0,12.0,12.0,12.0,12.0,12.0,12.0,12.0,12.0,2025-07-22T04:01:14.814355
1.0,0.0,0.0,0.0,1.7531568683548443e+09,0.0,0.0,0.0,0.0,12.0,12.0,12.0,12.0,12.0,12.0,12.0,12.0,12.0,12.0,12.0,12.0,12.0,12.0,12.0,2025-07-22T04:01:15.883225
1.0,0.0,0.0,0.0,1.7531568683548443e+09,0.0,0.0,0.0,0.0,12.0,12.0,12.0,12.0,12.0,12.0,12.0,12.0,12.0,12.0,12.0,12.0,12.0,12.0,12.0,2025-07-22T04:01:16.952985
1.0,0.0,0.0,0.0,1.7531568683548443e+09,0.0,0.0,0.0,0.0,12.0,12.0,12.0,12.0,12.0,12.0,12.0,12.0,12.0,12.0,12.0,12.0,12.0,12.0,12.0,2025-07-22T04:01:18.011765
1.0,0.0,0.0,0.0,1.7531568783653197e+09,0.0,0.0,0.0,0.0,13.0,13.0,13.0,13.0,13.0,13.0,13.0,13.0,13.0,13.0,13.0,13.0,13.0,13.0,13.0,2025-07-22T04:01:19.070361
1.0,0.0,0.0,0.0,1.7531568783653197e+09,0.0,0.0,0.0,0.0,13.0,13.0,13.0,13.0,13.0,13.0,13.0,13.0,13.0,13.0,13.0,13.0,13.0,13.0,13.0,2025-07-22T04:01:20.129168
1.0,0.0,0.0,0.0,1.7531568783653197e+09,0.0,0.0,0.0,0.0,13.0,13.0,13.0,13.0,13.0,13.0,13.0,13.0,13.0,13.0,13.0,13.0,13.0,13.0,13.0,2025-07-22T04:01:21.203982
1.0,0.0,0.0,0.0,1.7531568783653197e+09,0.0,0.0,0.0,0.0,13.0,13.0,13.0,13.0,13.0,13.0,13.0,13.0,13.0,13.0,13.0,13.0,13.0,13.0,13.0,2025-07-22T04:01:22.275491
1.0,0.0,0.0,0.0,1.7531568783653197e+09,0.0,0.0,0.0,0.0,13.0,13.0,13.0,13.0,13.0,13.0,13.0,13.0,13.0,13.0,13.0,13.0,13.0,13.0,13.0,2025-07-22T04:01:23.348345
1.0,0.0,0.0,0.0,1.7531568783653197e+09,0.0,0.0,0.0,0.0,13.0,13.0,13.0,13.0,13.0,13.0,13.0,13.0,13.0,13.0,13.0,13.0,13.0,13.0,13.0,2025-07-22T04:01:24.406178
1.0,0.0,0.0,0.0,1.7531568783653197e+09,0.0,0.0,0.0,0.0,13.0,13.0,13.0,13.0,13.0,13.0,13.0,13.0,13.0,13.0,13.0,13.0,13.0,13.0,13.0,2025-07-22T04:01:25.476627
1.0,0.0,0.0,0.0,1.7531568783653197e+09,0.0,0.0,0.0,0.0,13.0,13.0,13.0,13.0,13.0,13.0,13.0,13.0,13.0,13.0,13.0,13.0,13.0,13.0,13.0,2025-07-22T04:01:26.547745
1.0,0.0,0.0,0.0,1.7531568783653197e+09,0.0,0.0,0.0,0.0,13.0,13.0,13.0,13.0,13.0,13.0,13.0,13.0,13.0,13.0,13.0,13.0,13.0,13.0,13.0,2025-07-22T04:01:27.610380
1.0,0.0,0.0,0.0,1.753156888375772e+09,0.0,0.0,0.0,0.0,14.0,14.0,14.0,14.0,14.0,14.0,14.0,14.0,14.0,14.0,14.0,14.0,14.0,14.0,14.0,2025-07-22T04:01:28.683914
1.0,0.0,0.0,0.0,1.753156888375772e+09,0.0,0.0,0.0,0.0,14.0,14.0,14.0,14.0,14.0,14.0,14.0,14.0,14.0,14.0,14.0,14.0,14.0,14.0,14.0,2025-07-22T04:01:29.752371
1.0,0.0,0.0,0.0,1.753156888375772e+09,0.0,0.0,0.0,0.0,14.0,14.0,14.0,14.0,14.0,14.0,14.0,14.0,14.0,14.0,14.0,14.0,14.0,14.0,14.0,2025-07-22T04:01:30.815078
1.0,0.0,0.0,0.0,1.753156888375772e+09,0.0,0.0,0.0,0.0,14.0,14.0,14.0,14.0,14.0,14.0,14.0,14.0,14.0,14.0,14.0,14.0,14.0,14.0,14.0,2025-07-22T04:01:31.889113
1.0,0.0,0.0,0.0,1.753156888375772e+09,0.0,0.0,0.0,0.0,14.0,14.0,14.0,14.0,14.0,14.0,14.0,14.0,14.0,14.0,14.0,14.0,14.0,14.0,14.0,2025-07-22T04:01:32.949158
1.0,0.0,0.0,0.0,1.753156888375772e+09,0.0,0.0,0.0,0.0,14.0,14.0,14.0,14.0,14.0,14.0,14.0,14.0,14.0,14.0,14.0,14.0,14.0,14.0,14.0,2025-07-22T04:01:34.021907
1.0,0.0,0.0,0.0,1.753156888375772e+09,0.0,0.0,0.0,0.0,14.0,14.0,14.0,14.0,14.0,14.0,14.0,14.0,14.0,14.0,14.0,14.0,14.0,14.0,14.0,2025-07-22T04:01:35.088129
1.0,0.0,0.0,0.0,1.753156888375772e+09,0.0,0.0,0.0,0.0,14.0,14.0,14.0,14.0,14.0,14.0,14.0,14.0,14.0,14.0,14.0,14.0,14.0,14.0,14.0,2025-07-22T04:01:36.163761
1.0,0.0,0.0,0.0,1.753156888375772e+09,0.0,0.0,0.0,0.0,14.0,14.0,14.0,14.0,14.0,14.0,14.0,14.0,14.0,14.0,14.0,14.0,14.0,14.0,14.0,2025-07-22T04:01:37.223100
1.0,0.0,0.0,0.0,1.753156888375772e+09,0.0,0.0,0.0,0.0,14.0,14.0,14.0,14.0,14.0,14.0,14.0,14.0,14.0,14.0,14.0,14.0,14.0,14.0,14.0,2025-07-22T04:01:38.294089
1.0,0.0,0.0,0.0,1.7531568983861728e+09,0.0,0.0,0.0,0.0,15.0,15.0,15.0,15.0,15.0,15.0,15.0,15.0,15.0,15.0,15.0,15.0,15.0,15.0,15.0,2025-07-22T04:01:39.394036
1.0,0.0,0.0,0.0,1.7531568983861728e+09,0.0,0.0,0.0,0.0,15.0,15.0,15.0,15.0,15.0,15.0,15.0,15.0,15.0,15.0,15.0,15.0,15.0,15.0,15.0,2025-07-22T04:01:40.455196
1.0,0.0,0.0,0.0,1.7531568983861728e+09,0.0,0.0,0.0,0.0,15.0,15.0,15.0,15.0,15.0,15.0,15.0,15.0,15.0,15.0,15.0,15.0,15.0,15.0,15.0,2025-07-22T04:01:41.530488
1.0,0.0,0.0,0.0,1.7531568983861728e+09,0.0,0.0,0.0,0.0,15.0,15.0,15.0,15.0,15.0,15.0,15.0,15.0,15.0,15.0,15.0,15.0,15.0,15.0,15.0,2025-07-22T04:01:42.588933
1.0,0.0,0.0,0.0,1.7531568983861728e+09,0.0,0.0,0.0,0.0,15.0,15.0,15.0,15.0,15.0,15.0,15.0,15.0,15.0,15.0,15.0,15.0,15.0,15.0,15.0,2025-07-22T04:01:43.665262
1.0,0.0,0.0,0.0,1.7531568983861728e+09,0.0,0.0,0.0,0.0,15.0,15.0,15.0,15.0,15.0,15.0,15.0,15.0,15.0,15.0,15.0,15.0,15.0,15.0,15.0,2025-07-22T04:01:44.733519
1.0,0.0,0.0,0.0,1.7531568983861728e+09,0.0,0.0,0.0,0.0,15.0,15.0,15.0,15.0,15.0,15.0,15.0,15.0,15.0,15.0,15.0,15.0,15.0,15.0,15.0,2025-07-22T04:01:45.803887
1.0,0.0,0.0,0.0,1.7531568983861728e+09,0.0,0.0,0.0,0.0,15.0,15.0,15.0,15.0,15.0,15.0,15.0,15.0,15.0,15.0,15.0,15.0,15.0,15.0,15.0,2025-07-22T04:01:46.872389
1.0,0.0,0.0,0.0,1.7531568983861728e+09,0.0,0.0,0.0,0.0,15.0,15.0,15.0,15.0,15.0,15.0,15.0,15.0,15.0,15.0,15.0,15.0,15.0,15.0,15.0,2025-07-22T04:01:47.887566
1.0,0.0,0.0,0.0,1.7531569083965876e+09,0.0,0.0,0.0,0.0,16.0,16.0,16.0,16.0,16.0,16.0,16.0,16.0,16.0,16.0,16.0,16.0,16.0,16.0,16.0,2025-07-22T04:01:48.890799
1.0,0.0,0.0,0.0,1.7531569083965876e+09,0.0,0.0,0.0,0.0,16.0,16.0,16.0,16.0,16.0,16.0,16.0,16.0,16.0,16.0,16.0,16.0,16.0,16.0,16.0,2025-07-22T04:01:49.894101
1.0,0.0,0.0,0.0,1.7531569083965876e+09,0.0,0.0,0.0,0.0,16.0,16.0,16.0,16.0,16.0,16.0,16.0,16.0,16.0,16.0,16.0,16.0,16.0,16.0,16.0,2025-07-22T04:01:50.897300
1.0,0.0,0.0,0.0,1.7531569083965876e+09,0.0,0.0,0.0,0.0,16.0,16.0,16.0,16.0,16.0,16.0,16.0,16.0,16.0,16.0,16.0,16.0,16.0,16.0,16.0,2025-07-22T04:01:51.899976
1.0,0.0,0.0,0.0,1.7531569083965876e+09,0.0,0.0,0.0,0.0,16.0,16.0,16.0,16.0,16.0,16.0,16.0,16.0,16.0,16.0,16.0,16.0,16.0,16.0,16.0,2025-07-22T04:01:52.902694
1.0,0.0,0.0,0.0,1.7531569083965876e+09,0.0,0.0,0.0,0.0,16.0,16.0,16.0,16.0,16.0,16.0,16.0,16.0,16.0,16.0,16.0,16.0,16.0,16.0,16.0,2025-07-22T04:01:53.908535
1.0,0.0,0.0,0.0,1.7531569083965876e+09,0.0,0.0,0.0,0.0,16.0,16.0,16.0,16.0,16.0,16.0,16.0,16.0,16.0,16.0,16.0,16.0,16.0,16.0,16.0,2025-07-22T04:01:54.913403
1.0,0.0,0.0,0.0,1.7531569083965876e+09,0.0,0.0,0.0,0.0,16.0,16.0,16.0,16.0,16.0,16.0,16.0,16.0,16.0,16.0,16.0,16.0,16.0,16.0,16.0,2025-07-22T04:01:55.918061
1.0,0.0,0.0,0.0,1.7531569083965876e+09,0.0,0.0,0.0,0.0,16.0,16.0,16.0,16.0,16.0,16.0,16.0,16.0,16.0,16.0,16.0,16.0,16.0,16.0,16.0,2025-07-22T04:01:56.921190
1.0,0.0,0.0,0.0,1.7531569083965876e+09,0.0,0.0,0.0,0.0,16.0,16.0,16.0,16.0,16.0,16.0,16.0,16.0,16.0,16.0,16.0,16.0,16.0,16.0,16.0,2025-07-22T04:01:57.923638
1.0,0.0,0.0,0.0,1.753156918406993e+09,0.0,0.0,0.0,0.0,17.0,17.0,17.0,17.0,17.0,17.0,17.0,17.0,17.0,17.0,17.0,17.0,17.0,17.0,17.0,2025-07-22T04:01:58.926338
1.0,0.0,0.0,0.0,1.753156918406993e+09,0.0,0.0,0.0,0.0,17.0,17.0,17.0,17.0,17.0,17.0,17.0,17.0,17.0,17.0,17.0,17.0,17.0,17.0,17.0,2025-07-22T04:01:59.928710
1.0,0.0,0.0,0.0,1.753156918406993e+09,0.0,0.0,0.0,0.0,17.0,17.0,17.0,17.0,17.0,17.0,17.0,17.0,17.0,17.0,17.0,17.0,17.0,17.0,17.0,2025-07-22T04:02:00.933652
1.0,0.0,0.0,0.0,1.753156918406993e+09,0.0,0.0,0.0,0.0,17.0,17.0,17.0,17.0,17.0,17.0,17.0,17.0,17.0,17.0,17.0,17.0,17.0,17.0,17.0,2025-07-22T04:02:01.938755
1.0,0.0,0.0,0.0,1.753156918406993e+09,0.0,0.0,0.0,0.0,17.0,17.0,17.0,17.0,17.0,17.0,17.0,17.0,17.0,17.0,17.0,17.0,17.0,17.0,17.0,2025-07-22T04:02:02.943573
1.0,0.0,0.0,0.0,1.753156918406993e+09,0.0,0.0,0.0,0.0,17.0,17.0,17.0,17.0,17.0,17.0,17.0,17.0,17.0,17.0,17.0,17.0,17.0,17.0,17.0,2025-07-22T04:02:03.948827
1.0,0.0,0.0,0.0,1.753156918406993e+09,0.0,0.0,0.0,0.0,17.0,17.0,17.0,17.0,17.0,17.0,17.0,17.0,17.0,17.0,17.0,17.0,17.0,17.0,17.0,2025-07-22T04:02:04.953064
1.0,0.0,0.0,0.0,1.753156918406993e+09,0.0,0.0,0.0,0.0,17.0,17.0,17.0,17.0,17.0,17.0,17.0,17.0,17.0,17.0,17.0,17.0,17.0,17.0,17.0,2025-07-22T04:02:05.957628
1.0,0.0,0.0,0.0,1.753156918406993e+09,0.0,0.0,0.0,0.0,17.0,17.0,17.0,17.0,17.0,17.0,17.0,17.0,17.0,17.0,17.0,17.0,17.0,17.0,17.0,2025-07-22T04:02:06.962350
1.0,0.0,0.0,0.0,1.753156918406993e+09,0.0,0.0,0.0,0.0,17.0,17.0,17.0,17.0,17.0,17.0,17.0,17.0,17.0,17.0,17.0,17.0,17.0,17.0,17.0,2025-07-22T04:02:07.966943
1.0,0.0,0.0,0.0,1.753156918406993e+09,0.0,0.0,0.0,0.0,17.0,17.0,17.0,17.0,17.0,17.0,17.0,17.0,17.0,17.0,17.0,17.0,17.0,17.0,17.0,2025-07-22T04:02:09.384958
1.0,0.0,0.0,0.0,1.753156918406993e+09,0.0,0.0,0.0,0.0,17.0,17.0,17.0,17.0,17.0,17.0,17.0,17.0,17.0,17.0,17.0,17.0,17.0,17.0,17.0,2025-07-22T04:02:10.387614
1.0,0.0,0.0,0.0,1.753156918406993e+09,0.0,0.0,0.0,0.0,17.0,17.0,17.0,17.0,17.0,17.0,17.0,17.0,17.0,17.0,17.0,17.0,17.0,17.0,17.0,2025-07-22T04:02:11.390305
1.0,0.0,0.0,0.0,1.753156918406993e+09,0.0,0.0,0.0,0.0,17.0,17.0,17.0,17.0,17.0,17.0,17.0,17.0,17.0,17.0,17.0,17.0,17.0,17.0,17.0,2025-07-22T04:02:12.392979
